x-axis,1
second,Volt
+2.0700000E-06,-3.4296875000000E+00
+2.0701000E-06,-3.4375000000000E+00
+2.0702000E-06,-3.4433593750000E+00
+2.0703000E-06,-3.4433593750000E+00
+2.0704000E-06,-3.4433593750000E+00
+2.0705000E-06,-3.4433593750000E+00
+2.0706000E-06,-3.4414062500000E+00
+2.0707000E-06,-3.4414062500000E+00
+2.0708000E-06,-3.4394531250000E+00
+2.0709000E-06,-3.4375000000000E+00
+2.0710000E-06,-3.4394531250000E+00
+2.0711000E-06,-3.4414062500000E+00
+2.0712000E-06,-3.4414062500000E+00
+2.0713000E-06,-3.4414062500000E+00
+2.0714000E-06,-3.4414062500000E+00
+2.0715000E-06,-3.4414062500000E+00
+2.0716000E-06,-3.4375000000001E+00
+2.0717000E-06,-3.4335937500001E+00
+2.0718000E-06,-3.4277343750002E+00
+2.0719000E-06,-3.4218750000002E+00
+2.0720000E-06,-3.4160156250002E+00
+2.0721000E-06,-3.4101562500003E+00
+2.0722000E-06,-3.4042968750003E+00
+2.0723000E-06,-3.3984375000003E+00
+2.0724000E-06,-3.3906250000004E+00
+2.0725000E-06,-3.3828125000004E+00
+2.0726000E-06,-3.3730468750005E+00
+2.0727000E-06,-3.3632812500005E+00
+2.0728000E-06,-3.3515625000007E+00
+2.0729000E-06,-3.3417968750006E+00
+2.0730000E-06,-3.3300781250007E+00
+2.0731000E-06,-3.3164062500009E+00
+2.0732000E-06,-3.3027343750009E+00
+2.0733000E-06,-3.2910156250008E+00
+2.0734000E-06,-3.2773437500009E+00
+2.0735000E-06,-3.2617187500011E+00
+2.0736000E-06,-3.2441406250013E+00
+2.0737000E-06,-3.2265625000013E+00
+2.0738000E-06,-3.2109375000012E+00
+2.0739000E-06,-3.1933593750014E+00
+2.0740000E-06,-3.1777343750013E+00
+2.0741000E-06,-3.1621093750013E+00
+2.0742000E-06,-3.1484375000012E+00
+2.0743000E-06,-3.1347656250012E+00
+2.0744000E-06,-3.1210937500012E+00
+2.0745000E-06,-3.1054687500014E+00
+2.0746000E-06,-3.0859375000018E+00
+2.0747000E-06,-3.0664062500019E+00
+2.0748000E-06,-3.0429687500023E+00
+2.0749000E-06,-3.0214843750021E+00
+2.0750000E-06,-2.9960937500026E+00
+2.0751000E-06,-2.9726562500024E+00
+2.0752000E-06,-2.9511718750023E+00
+2.0753000E-06,-2.9296875000023E+00
+2.0754000E-06,-2.9121093750019E+00
+2.0755000E-06,-2.8925781250022E+00
+2.0756000E-06,-2.8710937500025E+00
+2.0757000E-06,-2.8515625000023E+00
+2.0758000E-06,-2.8281250000028E+00
+2.0759000E-06,-2.8046875000028E+00
+2.0760000E-06,-2.7773437500033E+00
+2.0761000E-06,-2.7480468750036E+00
+2.0762000E-06,-2.7167968750039E+00
+2.0763000E-06,-2.6875000000038E+00
+2.0764000E-06,-2.6582031250038E+00
+2.0765000E-06,-2.6269531250041E+00
+2.0766000E-06,-2.5937500000045E+00
+2.0767000E-06,-2.5625000000043E+00
+2.0768000E-06,-2.5312500000043E+00
+2.0769000E-06,-2.5000000000044E+00
+2.0770000E-06,-2.4648437500050E+00
+2.0771000E-06,-2.4277343750054E+00
+2.0772000E-06,-2.3886718750057E+00
+2.0773000E-06,-2.3554687500049E+00
+2.0774000E-06,-2.3222656250050E+00
+2.0775000E-06,-2.2910156250048E+00
+2.0776000E-06,-2.2597656250048E+00
+2.0777000E-06,-2.2324218750043E+00
+2.0778000E-06,-2.2050781250043E+00
+2.0779000E-06,-2.1777343750044E+00
+2.0780000E-06,-2.1464843750051E+00
+2.0781000E-06,-2.1074218750064E+00
+2.0782000E-06,-2.0664062500069E+00
+2.0783000E-06,-2.0214843750076E+00
+2.0784000E-06,-1.9746093750080E+00
+2.0785000E-06,-1.9296875000078E+00
+2.0786000E-06,-1.8828125000082E+00
+2.0787000E-06,-1.8417968750073E+00
+2.0788000E-06,-1.8046875000067E+00
+2.0789000E-06,-1.7734375000057E+00
+2.0790000E-06,-1.7421875000057E+00
+2.0791000E-06,-1.7109375000058E+00
+2.0792000E-06,-1.6777343750062E+00
+2.0793000E-06,-1.6445312500063E+00
+2.0794000E-06,-1.6093750000067E+00
+2.0795000E-06,-1.5703125000076E+00
+2.0796000E-06,-1.5253906250088E+00
+2.0797000E-06,-1.4804687500089E+00
+2.0798000E-06,-1.4375000000086E+00
+2.0799000E-06,-1.3964843750083E+00
+2.0800000E-06,-1.3554687500084E+00
+2.0801000E-06,-1.3144531250084E+00
+2.0802000E-06,-1.2753906250081E+00
+2.0803000E-06,-1.2363281250082E+00
+2.0804000E-06,-1.1992187500079E+00
+2.0805000E-06,-1.1601562500084E+00
+2.0806000E-06,-1.1152343750097E+00
+2.0807000E-06,-1.0683593750102E+00
+2.0808000E-06,-1.0214843750103E+00
+2.0809000E-06,-974.6093750104E-03
+2.0810000E-06,-925.7812500109E-03
+2.0811000E-06,-875.0000000115E-03
+2.0812000E-06,-824.2187500116E-03
+2.0813000E-06,-779.2968750103E-03
+2.0814000E-06,-736.3281250100E-03
+2.0815000E-06,-695.3125000096E-03
+2.0816000E-06,-650.3906250106E-03
+2.0817000E-06,-609.3750000098E-03
+2.0818000E-06,-568.3593750099E-03
+2.0819000E-06,-525.3906250104E-03
+2.0820000E-06,-480.4687500110E-03
+2.0821000E-06,-431.6406250120E-03
+2.0822000E-06,-380.8593750126E-03
+2.0823000E-06,-332.0312500122E-03
+2.0824000E-06,-283.2031250123E-03
+2.0825000E-06,-234.3750000124E-03
+2.0826000E-06,-183.5937500130E-03
+2.0827000E-06,-132.8125000131E-03
+2.0828000E-06,-89.8437500112E-03
+2.0829000E-06,-48.8281250108E-03
+2.0830000E-06,-7.8125000109E-03
+2.0831000E-06,+31.2499999896E-03
+2.0832000E-06,+70.3124999895E-03
+2.0833000E-06,+105.4687499905E-03
+2.0834000E-06,+142.5781249899E-03
+2.0835000E-06,+181.6406249892E-03
+2.0836000E-06,+226.5624999875E-03
+2.0837000E-06,+273.4374999869E-03
+2.0838000E-06,+320.3124999868E-03
+2.0839000E-06,+369.1406249862E-03
+2.0840000E-06,+419.9218749855E-03
+2.0841000E-06,+470.7031249854E-03
+2.0842000E-06,+521.4843749853E-03
+2.0843000E-06,+566.4062499869E-03
+2.0844000E-06,+607.4218749880E-03
+2.0845000E-06,+648.4374999879E-03
+2.0846000E-06,+687.4999999884E-03
+2.0847000E-06,+726.5624999883E-03
+2.0848000E-06,+761.7187499894E-03
+2.0849000E-06,+798.8281249887E-03
+2.0850000E-06,+841.7968749869E-03
+2.0851000E-06,+886.7187499862E-03
+2.0852000E-06,+933.5937499855E-03
+2.0853000E-06,+980.4687499854E-03
+2.0854000E-06,+1.0273437499853E+00
+2.0855000E-06,+1.0742187499852E+00
+2.0856000E-06,+1.1210937499851E+00
+2.0857000E-06,+1.1660156249856E+00
+2.0858000E-06,+1.2050781249874E+00
+2.0859000E-06,+1.2421874999880E+00
+2.0860000E-06,+1.2812499999873E+00
+2.0861000E-06,+1.3203124999872E+00
+2.0862000E-06,+1.3593749999871E+00
+2.0863000E-06,+1.4003906249864E+00
+2.0864000E-06,+1.4433593749856E+00
+2.0865000E-06,+1.4863281249855E+00
+2.0866000E-06,+1.5351562499835E+00
+2.0867000E-06,+1.5820312499840E+00
+2.0868000E-06,+1.6249999999853E+00
+2.0869000E-06,+1.6679687499852E+00
+2.0870000E-06,+1.7089843749858E+00
+2.0871000E-06,+1.7539062499843E+00
+2.0872000E-06,+1.7929687499863E+00
+2.0873000E-06,+1.8300781249869E+00
+2.0874000E-06,+1.8671874999868E+00
+2.0875000E-06,+1.9042968749868E+00
+2.0876000E-06,+1.9433593749860E+00
+2.0877000E-06,+1.9824218749859E+00
+2.0878000E-06,+2.0175781249872E+00
+2.0879000E-06,+2.0527343749872E+00
+2.0880000E-06,+2.0878906249871E+00
+2.0881000E-06,+2.1230468749870E+00
+2.0882000E-06,+2.1582031249870E+00
+2.0883000E-06,+2.1874999999891E+00
+2.0884000E-06,+2.2187499999883E+00
+2.0885000E-06,+2.2539062499867E+00
+2.0886000E-06,+2.2890624999867E+00
+2.0887000E-06,+2.3281249999851E+00
+2.0888000E-06,+2.3613281249873E+00
+2.0889000E-06,+2.3964843749865E+00
+2.0890000E-06,+2.4316406249864E+00
+2.0891000E-06,+2.4648437499871E+00
+2.0892000E-06,+2.4941406249885E+00
+2.0893000E-06,+2.5214843749892E+00
+2.0894000E-06,+2.5468749999900E+00
+2.0895000E-06,+2.5722656249899E+00
+2.0896000E-06,+2.6015624999883E+00
+2.0897000E-06,+2.6289062499890E+00
+2.0898000E-06,+2.6582031249882E+00
+2.0899000E-06,+2.6874999999881E+00
+2.0900000E-06,+2.7167968749881E+00
+2.0901000E-06,+2.7460937499880E+00
+2.0902000E-06,+2.7753906249879E+00
+2.0903000E-06,+2.8027343749887E+00
+2.0904000E-06,+2.8281249999894E+00
+2.0905000E-06,+2.8554687499886E+00
+2.0906000E-06,+2.8828124999885E+00
+2.0907000E-06,+2.9082031249893E+00
+2.0908000E-06,+2.9316406249901E+00
+2.0909000E-06,+2.9550781249900E+00
+2.0910000E-06,+2.9765624999908E+00
+2.0911000E-06,+2.9960937499916E+00
+2.0912000E-06,+3.0136718749924E+00
+2.0913000E-06,+3.0253906249949E+00
+2.0914000E-06,+3.0390624999940E+00
+2.0915000E-06,+3.0507812499949E+00
+2.0916000E-06,+3.0664062499931E+00
+2.0917000E-06,+3.0820312499931E+00
+2.0918000E-06,+3.0976562499931E+00
+2.0919000E-06,+3.1152343749922E+00
+2.0920000E-06,+3.1347656249912E+00
+2.0921000E-06,+3.1542968749912E+00
+2.0922000E-06,+3.1757812499903E+00
+2.0923000E-06,+3.1953124999911E+00
+2.0924000E-06,+3.2148437499911E+00
+2.0925000E-06,+3.2324218749919E+00
+2.0926000E-06,+3.2499999999919E+00
+2.0927000E-06,+3.2656249999928E+00
+2.0928000E-06,+3.2792968749936E+00
+2.0929000E-06,+3.2910156249945E+00
+2.0930000E-06,+3.3027343749945E+00
+2.0931000E-06,+3.3144531249945E+00
+2.0932000E-06,+3.3222656249963E+00
+2.0933000E-06,+3.3281249999972E+00
+2.0934000E-06,+3.3339843749972E+00
+2.0935000E-06,+3.3359374999991E+00
+2.0936000E-06,+3.3378906249991E+00
+2.0937000E-06,+3.3378906250000E+00
+2.0938000E-06,+3.3378906250000E+00
+2.0939000E-06,+3.3398437499991E+00
+2.0940000E-06,+3.3437499999981E+00
+2.0941000E-06,+3.3496093749971E+00
+2.0942000E-06,+3.3574218749961E+00
+2.0943000E-06,+3.3691406249942E+00
+2.0944000E-06,+3.3789062499951E+00
+2.0945000E-06,+3.3867187499961E+00
+2.0946000E-06,+3.3945312499961E+00
+2.0947000E-06,+3.4003906249971E+00
+2.0948000E-06,+3.4042968749980E+00
+2.0949000E-06,+3.4082031249980E+00
+2.0950000E-06,+3.4101562499990E+00
+2.0951000E-06,+3.4160156249970E+00
+2.0952000E-06,+3.4199218749980E+00
+2.0953000E-06,+3.4257812499970E+00
+2.0954000E-06,+3.4296874999980E+00
+2.0955000E-06,+3.4296875000000E+00
+2.0956000E-06,+3.4257812500020E+00
+2.0957000E-06,+3.4160156250051E+00
+2.0958000E-06,+3.4003906250082E+00
+2.0959000E-06,+3.3828125000093E+00
+2.0960000E-06,+3.3632812500104E+00
+2.0961000E-06,+3.3437500000104E+00
+2.0962000E-06,+3.3242187500104E+00
+2.0963000E-06,+3.3066406250094E+00
+2.0964000E-06,+3.2949218750063E+00
+2.0965000E-06,+3.2851562500053E+00
+2.0966000E-06,+3.2753906250053E+00
+2.0967000E-06,+3.2695312500032E+00
+2.0968000E-06,+3.2636718750032E+00
+2.0969000E-06,+3.2578125000032E+00
+2.0970000E-06,+3.2519531250032E+00
+2.0971000E-06,+3.2441406250043E+00
+2.0972000E-06,+3.2343750000054E+00
+2.0973000E-06,+3.2246093750054E+00
+2.0974000E-06,+3.2128906250066E+00
+2.0975000E-06,+3.2011718750066E+00
+2.0976000E-06,+3.1855468750088E+00
+2.0977000E-06,+3.1660156250110E+00
+2.0978000E-06,+3.1503906250089E+00
+2.0979000E-06,+3.1308593750111E+00
+2.0980000E-06,+3.1093750000123E+00
+2.0981000E-06,+3.0859375000134E+00
+2.0982000E-06,+3.0605468750146E+00
+2.0983000E-06,+3.0371093750135E+00
+2.0984000E-06,+3.0136718750136E+00
+2.0985000E-06,+2.9902343750136E+00
+2.0986000E-06,+2.9667968750137E+00
+2.0987000E-06,+2.9453125000126E+00
+2.0988000E-06,+2.9257812500115E+00
+2.0989000E-06,+2.9062500000115E+00
+2.0990000E-06,+2.8867187500116E+00
+2.0991000E-06,+2.8652343750128E+00
+2.0992000E-06,+2.8417968750140E+00
+2.0993000E-06,+2.8183593750140E+00
+2.0994000E-06,+2.7968750000129E+00
+2.0995000E-06,+2.7734375000141E+00
+2.0996000E-06,+2.7500000000142E+00
+2.0997000E-06,+2.7246093750154E+00
+2.0998000E-06,+2.6992187500154E+00
+2.0999000E-06,+2.6718750000167E+00
+2.1000000E-06,+2.6425781250179E+00
+2.1001000E-06,+2.6113281250192E+00
+2.1002000E-06,+2.5742187500229E+00
+2.1003000E-06,+2.5390625000217E+00
+2.1004000E-06,+2.5039062500218E+00
+2.1005000E-06,+2.4687500000219E+00
+2.1006000E-06,+2.4355468750207E+00
+2.1007000E-06,+2.4023437500208E+00
+2.1008000E-06,+2.3769531250160E+00
+2.1009000E-06,+2.3535156250148E+00
+2.1010000E-06,+2.3281250000161E+00
+2.1011000E-06,+2.3027343750161E+00
+2.1012000E-06,+2.2773437500162E+00
+2.1013000E-06,+2.2500000000175E+00
+2.1014000E-06,+2.2207031250188E+00
+2.1015000E-06,+2.1855468750226E+00
+2.1016000E-06,+2.1464843750252E+00
+2.1017000E-06,+2.1035156250278E+00
+2.1018000E-06,+2.0605468750279E+00
+2.1019000E-06,+2.0175781250280E+00
+2.1020000E-06,+1.9765625000268E+00
+2.1021000E-06,+1.9316406250294E+00
+2.1022000E-06,+1.8886718750282E+00
+2.1023000E-06,+1.8496093750258E+00
+2.1024000E-06,+1.8144531250233E+00
+2.1025000E-06,+1.7773437500246E+00
+2.1026000E-06,+1.7421875000234E+00
+2.1027000E-06,+1.7031250000261E+00
+2.1028000E-06,+1.6699218750222E+00
+2.1029000E-06,+1.6328125000249E+00
+2.1030000E-06,+1.5937500000263E+00
+2.1031000E-06,+1.5507812500290E+00
+2.1032000E-06,+1.5058593750304E+00
+2.1033000E-06,+1.4648437500279E+00
+2.1034000E-06,+1.4238281250280E+00
+2.1035000E-06,+1.3828125000280E+00
+2.1036000E-06,+1.3417968750281E+00
+2.1037000E-06,+1.3027343750269E+00
+2.1038000E-06,+1.2636718750270E+00
+2.1039000E-06,+1.2246093750270E+00
+2.1040000E-06,+1.1835937500285E+00
+2.1041000E-06,+1.1386718750313E+00
+2.1042000E-06,+1.0917968750327E+00
+2.1043000E-06,+1.0449218750328E+00
+2.1044000E-06,+998.0468750329E-03
+2.1045000E-06,+951.1718750330E-03
+2.1046000E-06,+902.3437500345E-03
+2.1047000E-06,+859.3750000304E-03
+2.1048000E-06,+820.3125000277E-03
+2.1049000E-06,+783.2031250264E-03
+2.1050000E-06,+748.0468750251E-03
+2.1051000E-06,+710.9375000266E-03
+2.1052000E-06,+671.8750000281E-03
+2.1053000E-06,+630.8593750295E-03
+2.1054000E-06,+585.9375000325E-03
+2.1055000E-06,+539.0625000340E-03
+2.1056000E-06,+484.3750000397E-03
+2.1057000E-06,+425.7812500427E-03
+2.1058000E-06,+373.0468750385E-03
+2.1059000E-06,+320.3125000386E-03
+2.1060000E-06,+267.5781250387E-03
+2.1061000E-06,+216.7968750374E-03
+2.1062000E-06,+169.9218750346E-03
+2.1063000E-06,+130.8593750289E-03
+2.1064000E-06,+93.7500000276E-03
+2.1065000E-06,+56.6406250276E-03
+2.1066000E-06,+15.6250000306E-03
+2.1067000E-06,-23.4374999707E-03
+2.1068000E-06,-62.4999999707E-03
+2.1069000E-06,-103.5156249691E-03
+2.1070000E-06,-146.4843749676E-03
+2.1071000E-06,-193.3593749645E-03
+2.1072000E-06,-240.2343749644E-03
+2.1073000E-06,-285.1562499658E-03
+2.1074000E-06,-328.1249999672E-03
+2.1075000E-06,-371.0937499671E-03
+2.1076000E-06,-416.0156249655E-03
+2.1077000E-06,-460.9374999654E-03
+2.1078000E-06,-503.9062499669E-03
+2.1079000E-06,-544.9218749683E-03
+2.1080000E-06,-585.9374999682E-03
+2.1081000E-06,-630.8593749651E-03
+2.1082000E-06,-675.7812499650E-03
+2.1083000E-06,-718.7499999664E-03
+2.1084000E-06,-761.7187499663E-03
+2.1085000E-06,-808.5937499632E-03
+2.1086000E-06,-857.4218749615E-03
+2.1087000E-06,-910.1562499583E-03
+2.1088000E-06,-957.0312499629E-03
+2.1089000E-06,-1.0039062499628E+00
+2.1090000E-06,-1.0507812499627E+00
+2.1091000E-06,-1.0976562499626E+00
+2.1092000E-06,-1.1406249999656E+00
+2.1093000E-06,-1.1796874999687E+00
+2.1094000E-06,-1.2167968749702E+00
+2.1095000E-06,-1.2539062499701E+00
+2.1096000E-06,-1.2949218749669E+00
+2.1097000E-06,-1.3359374999668E+00
+2.1098000E-06,-1.3749999999683E+00
+2.1099000E-06,-1.4179687499650E+00
+2.1100000E-06,-1.4609374999649E+00
+2.1101000E-06,-1.5058593749632E+00
+2.1102000E-06,-1.5527343749615E+00
+2.1103000E-06,-1.5957031249647E+00
+2.1104000E-06,-1.6406249999630E+00
+2.1105000E-06,-1.6855468749629E+00
+2.1106000E-06,-1.7304687499628E+00
+2.1107000E-06,-1.7773437499611E+00
+2.1108000E-06,-1.8222656249626E+00
+2.1109000E-06,-1.8632812499658E+00
+2.1110000E-06,-1.9042968749657E+00
+2.1111000E-06,-1.9433593749672E+00
+2.1112000E-06,-1.9824218749672E+00
+2.1113000E-06,-2.0117187499753E+00
+2.1114000E-06,-2.0410156249752E+00
+2.1115000E-06,-2.0683593749768E+00
+2.1116000E-06,-2.0976562499751E+00
+2.1117000E-06,-2.1269531249751E+00
+2.1118000E-06,-2.1562499999750E+00
+2.1119000E-06,-2.1894531249716E+00
+2.1120000E-06,-2.2265624999682E+00
+2.1121000E-06,-2.2675781249648E+00
+2.1122000E-06,-2.3105468749630E+00
+2.1123000E-06,-2.3535156249629E+00
+2.1124000E-06,-2.3925781249662E+00
+2.1125000E-06,-2.4316406249661E+00
+2.1126000E-06,-2.4648437499711E+00
+2.1127000E-06,-2.4941406249745E+00
+2.1128000E-06,-2.5175781249795E+00
+2.1129000E-06,-2.5371093749829E+00
+2.1130000E-06,-2.5566406249829E+00
+2.1131000E-06,-2.5761718749828E+00
+2.1132000E-06,-2.6015624999776E+00
+2.1133000E-06,-2.6269531249776E+00
+2.1134000E-06,-2.6562499999741E+00
+2.1135000E-06,-2.6894531249705E+00
+2.1136000E-06,-2.7226562499705E+00
+2.1137000E-06,-2.7597656249669E+00
+2.1138000E-06,-2.7910156249721E+00
+2.1139000E-06,-2.8222656249720E+00
+2.1140000E-06,-2.8515624999737E+00
+2.1141000E-06,-2.8808593749736E+00
+2.1142000E-06,-2.9082031249753E+00
+2.1143000E-06,-2.9335937499770E+00
+2.1144000E-06,-2.9570312499788E+00
+2.1145000E-06,-2.9824218749769E+00
+2.1146000E-06,-3.0078124999769E+00
+2.1147000E-06,-3.0332031249768E+00
+2.1148000E-06,-3.0585937499768E+00
+2.1149000E-06,-3.0839843749767E+00
+2.1150000E-06,-3.1093749999767E+00
+2.1151000E-06,-3.1328124999784E+00
+2.1152000E-06,-3.1562499999784E+00
+2.1153000E-06,-3.1757812499819E+00
+2.1154000E-06,-3.1914062499855E+00
+2.1155000E-06,-3.2050781249873E+00
+2.1156000E-06,-3.2167968749891E+00
+2.1157000E-06,-3.2265624999909E+00
+2.1158000E-06,-3.2324218749945E+00
+2.1159000E-06,-3.2402343749927E+00
+2.1160000E-06,-3.2499999999908E+00
+2.1161000E-06,-3.2617187499890E+00
+2.1162000E-06,-3.2773437499853E+00
+2.1163000E-06,-3.2929687499852E+00
+2.1164000E-06,-3.3085937499852E+00
+2.1165000E-06,-3.3261718749833E+00
+2.1166000E-06,-3.3417968749851E+00
+2.1167000E-06,-3.3554687499870E+00
+2.1168000E-06,-3.3652343749907E+00
+2.1169000E-06,-3.3710937499944E+00
+2.1170000E-06,-3.3749999999963E+00
+2.1171000E-06,-3.3789062499962E+00
+2.1172000E-06,-3.3828124999962E+00
+2.1173000E-06,-3.3886718749943E+00
+2.1174000E-06,-3.3945312499943E+00
+2.1175000E-06,-3.4042968749905E+00
+2.1176000E-06,-3.4160156249886E+00
+2.1177000E-06,-3.4296874999867E+00
+2.1178000E-06,-3.4414062499886E+00
+2.1179000E-06,-3.4511718749905E+00
+2.1180000E-06,-3.4589843749924E+00
+2.1181000E-06,-3.4648437499943E+00
+2.1182000E-06,-3.4648437500000E+00
+2.1183000E-06,-3.4628906250019E+00
+2.1184000E-06,-3.4570312500058E+00
+2.1185000E-06,-3.4511718750058E+00
+2.1186000E-06,-3.4453125000058E+00
+2.1187000E-06,-3.4433593750019E+00
+2.1188000E-06,-3.4394531250039E+00
+2.1189000E-06,-3.4375000000020E+00
+2.1190000E-06,-3.4375000000000E+00
+2.1191000E-06,-3.4335937500039E+00
+2.1192000E-06,-3.4335937500000E+00
+2.1193000E-06,-3.4277343750059E+00
+2.1194000E-06,-3.4218750000059E+00
+2.1195000E-06,-3.4160156250059E+00
+2.1196000E-06,-3.4082031250079E+00
+2.1197000E-06,-3.4003906250079E+00
+2.1198000E-06,-3.3945312500060E+00
+2.1199000E-06,-3.3886718750060E+00
+2.1200000E-06,-3.3847656250040E+00
+2.1201000E-06,-3.3789062500060E+00
+2.1202000E-06,-3.3750000000040E+00
+2.1203000E-06,-3.3691406250060E+00
+2.1204000E-06,-3.3613281250080E+00
+2.1205000E-06,-3.3515625000101E+00
+2.1206000E-06,-3.3378906250141E+00
+2.1207000E-06,-3.3242187500142E+00
+2.1208000E-06,-3.3085937500162E+00
+2.1209000E-06,-3.2910156250183E+00
+2.1210000E-06,-3.2734375000183E+00
+2.1211000E-06,-3.2539062500204E+00
+2.1212000E-06,-3.2382812500163E+00
+2.1213000E-06,-3.2246093750143E+00
+2.1214000E-06,-3.2109375000143E+00
+2.1215000E-06,-3.1972656250144E+00
+2.1216000E-06,-3.1816406250165E+00
+2.1217000E-06,-3.1660156250165E+00
+2.1218000E-06,-3.1503906250165E+00
+2.1219000E-06,-3.1347656250166E+00
+2.1220000E-06,-3.1152343750207E+00
+2.1221000E-06,-3.0957031250208E+00
+2.1222000E-06,-3.0761718750208E+00
+2.1223000E-06,-3.0585937500188E+00
+2.1224000E-06,-3.0390625000209E+00
+2.1225000E-06,-3.0195312500209E+00
+2.1226000E-06,-3.0000000000210E+00
+2.1227000E-06,-2.9785156250231E+00
+2.1228000E-06,-2.9550781250253E+00
+2.1229000E-06,-2.9296875000274E+00
+2.1230000E-06,-2.9003906250317E+00
+2.1231000E-06,-2.8691406250339E+00
+2.1232000E-06,-2.8378906250339E+00
+2.1233000E-06,-2.8085937500319E+00
+2.1234000E-06,-2.7792968750319E+00
+2.1235000E-06,-2.7500000000320E+00
+2.1236000E-06,-2.7207031250321E+00
+2.1237000E-06,-2.6953125000278E+00
+2.1238000E-06,-2.6699218750279E+00
+2.1239000E-06,-2.6445312500279E+00
+2.1240000E-06,-2.6152343750323E+00
+2.1241000E-06,-2.5839843750345E+00
+2.1242000E-06,-2.5507812500367E+00
+2.1243000E-06,-2.5175781250368E+00
+2.1244000E-06,-2.4824218750390E+00
+2.1245000E-06,-2.4472656250391E+00
+2.1246000E-06,-2.4101562500414E+00
+2.1247000E-06,-2.3730468750414E+00
+2.1248000E-06,-2.3417968750350E+00
+2.1249000E-06,-2.3105468750350E+00
+2.1250000E-06,-2.2753906250395E+00
+2.1251000E-06,-2.2402343750395E+00
+2.1252000E-06,-2.2031250000418E+00
+2.1253000E-06,-2.1699218750375E+00
+2.1254000E-06,-2.1367187500376E+00
+2.1255000E-06,-2.1015625000398E+00
+2.1256000E-06,-2.0664062500399E+00
+2.1257000E-06,-2.0312500000400E+00
+2.1258000E-06,-2.0000000000356E+00
+2.1259000E-06,-1.9687500000357E+00
+2.1260000E-06,-1.9355468750380E+00
+2.1261000E-06,-1.8964843750447E+00
+2.1262000E-06,-1.8574218750448E+00
+2.1263000E-06,-1.8164062500471E+00
+2.1264000E-06,-1.7753906250472E+00
+2.1265000E-06,-1.7343750000473E+00
+2.1266000E-06,-1.6894531250519E+00
+2.1267000E-06,-1.6484375000475E+00
+2.1268000E-06,-1.6093750000453E+00
+2.1269000E-06,-1.5722656250431E+00
+2.1270000E-06,-1.5332031250455E+00
+2.1271000E-06,-1.4921875000478E+00
+2.1272000E-06,-1.4511718750479E+00
+2.1273000E-06,-1.4121093750457E+00
+2.1274000E-06,-1.3691406250504E+00
+2.1275000E-06,-1.3242187500527E+00
+2.1276000E-06,-1.2792968750528E+00
+2.1277000E-06,-1.2324218750552E+00
+2.1278000E-06,-1.1894531250507E+00
+2.1279000E-06,-1.1464843750508E+00
+2.1280000E-06,-1.1035156250509E+00
+2.1281000E-06,-1.0566406250556E+00
+2.1282000E-06,-1.0136718750511E+00
+2.1283000E-06,-970.7031250511E-03
+2.1284000E-06,-927.7343750512E-03
+2.1285000E-06,-882.8125000536E-03
+2.1286000E-06,-837.8906250537E-03
+2.1287000E-06,-792.9687500538E-03
+2.1288000E-06,-751.9531250492E-03
+2.1289000E-06,-710.9375000493E-03
+2.1290000E-06,-669.9218750494E-03
+2.1291000E-06,-625.0000000542E-03
+2.1292000E-06,-582.0312500519E-03
+2.1293000E-06,-539.0625000520E-03
+2.1294000E-06,-494.1406250545E-03
+2.1295000E-06,-447.2656250569E-03
+2.1296000E-06,-392.5781250665E-03
+2.1297000E-06,-335.9375000690E-03
+2.1298000E-06,-283.2031250644E-03
+2.1299000E-06,-232.4218750621E-03
+2.1300000E-06,-181.6406250622E-03
+2.1301000E-06,-132.8125000599E-03
+2.1302000E-06,-85.9375000576E-03
+2.1303000E-06,-46.8750000481E-03
+2.1304000E-06,-5.8593750506E-03
+2.1305000E-06,+37.1093749469E-03
+2.1306000E-06,+82.0312499444E-03
+2.1307000E-06,+126.9531249443E-03
+2.1308000E-06,+171.8749999442E-03
+2.1309000E-06,+216.7968749442E-03
+2.1310000E-06,+257.8124999489E-03
+2.1311000E-06,+298.8281249488E-03
+2.1312000E-06,+337.8906249512E-03
+2.1313000E-06,+373.0468749560E-03
+2.1314000E-06,+406.2499999584E-03
+2.1315000E-06,+443.3593749534E-03
+2.1316000E-06,+486.3281249460E-03
+2.1317000E-06,+533.2031249410E-03
+2.1318000E-06,+583.9843749359E-03
+2.1319000E-06,+634.7656249358E-03
+2.1320000E-06,+689.4531249308E-03
+2.1321000E-06,+748.0468749257E-03
+2.1322000E-06,+800.7812499330E-03
+2.1323000E-06,+845.7031249429E-03
+2.1324000E-06,+890.6249999428E-03
+2.1325000E-06,+931.6406249477E-03
+2.1326000E-06,+974.6093749451E-03
+2.1327000E-06,+1.0156249999475E+00
+2.1328000E-06,+1.0566406249474E+00
+2.1329000E-06,+1.1015624999423E+00
+2.1330000E-06,+1.1484374999397E+00
+2.1331000E-06,+1.2011718749321E+00
+2.1332000E-06,+1.2539062499320E+00
+2.1333000E-06,+1.3027343749369E+00
+2.1334000E-06,+1.3476562499419E+00
+2.1335000E-06,+1.3886718749468E+00
+2.1336000E-06,+1.4277343749493E+00
+2.1337000E-06,+1.4628906249543E+00
+2.1338000E-06,+1.4902343749644E+00
+2.1339000E-06,+1.5156249999669E+00
+2.1340000E-06,+1.5449218749617E+00
+2.1341000E-06,+1.5761718749591E+00
+2.1342000E-06,+1.6132812499514E+00
+2.1343000E-06,+1.6503906249513E+00
+2.1344000E-06,+1.6894531249486E+00
+2.1345000E-06,+1.7324218749434E+00
+2.1346000E-06,+1.7773437499408E+00
+2.1347000E-06,+1.8203124999432E+00
+2.1348000E-06,+1.8613281249457E+00
+2.1349000E-06,+1.9003906249482E+00
+2.1350000E-06,+1.9374999999508E+00
+2.1351000E-06,+1.9765624999481E+00
+2.1352000E-06,+2.0156249999480E+00
+2.1353000E-06,+2.0507812499531E+00
+2.1354000E-06,+2.0859374999531E+00
+2.1355000E-06,+2.1210937499530E+00
+2.1356000E-06,+2.1562499999529E+00
+2.1357000E-06,+2.1914062499529E+00
+2.1358000E-06,+2.2226562499580E+00
+2.1359000E-06,+2.2519531249606E+00
+2.1360000E-06,+2.2832031249579E+00
+2.1361000E-06,+2.3164062499552E+00
+2.1362000E-06,+2.3476562499578E+00
+2.1363000E-06,+2.3769531249604E+00
+2.1364000E-06,+2.4062499999603E+00
+2.1365000E-06,+2.4374999999576E+00
+2.1366000E-06,+2.4707031249549E+00
+2.1367000E-06,+2.5019531249575E+00
+2.1368000E-06,+2.5332031249574E+00
+2.1369000E-06,+2.5624999999600E+00
+2.1370000E-06,+2.5937499999573E+00
+2.1371000E-06,+2.6269531249545E+00
+2.1372000E-06,+2.6601562499545E+00
+2.1373000E-06,+2.6914062499571E+00
+2.1374000E-06,+2.7207031249597E+00
+2.1375000E-06,+2.7519531249569E+00
+2.1376000E-06,+2.7832031249569E+00
+2.1377000E-06,+2.8124999999595E+00
+2.1378000E-06,+2.8378906249649E+00
+2.1379000E-06,+2.8613281249675E+00
+2.1380000E-06,+2.8847656249675E+00
+2.1381000E-06,+2.9062499999701E+00
+2.1382000E-06,+2.9277343749701E+00
+2.1383000E-06,+2.9453124999755E+00
+2.1384000E-06,+2.9628906249755E+00
+2.1385000E-06,+2.9804687499754E+00
+2.1386000E-06,+2.9999999999726E+00
+2.1387000E-06,+3.0195312499726E+00
+2.1388000E-06,+3.0371093749753E+00
+2.1389000E-06,+3.0566406249725E+00
+2.1390000E-06,+3.0761718749725E+00
+2.1391000E-06,+3.0957031249725E+00
+2.1392000E-06,+3.1152343749724E+00
+2.1393000E-06,+3.1328124999751E+00
+2.1394000E-06,+3.1503906249751E+00
+2.1395000E-06,+3.1679687499751E+00
+2.1396000E-06,+3.1835937499778E+00
+2.1397000E-06,+3.1972656249805E+00
+2.1398000E-06,+3.2089843749833E+00
+2.1399000E-06,+3.2226562499805E+00
+2.1400000E-06,+3.2382812499777E+00
+2.1401000E-06,+3.2539062499776E+00
+2.1402000E-06,+3.2734374999720E+00
+2.1403000E-06,+3.2890624999776E+00
+2.1404000E-06,+3.3066406249747E+00
+2.1405000E-06,+3.3242187499747E+00
+2.1406000E-06,+3.3398437499775E+00
+2.1407000E-06,+3.3535156249803E+00
+2.1408000E-06,+3.3613281249887E+00
+2.1409000E-06,+3.3671874999915E+00
+2.1410000E-06,+3.3710937499943E+00
+2.1411000E-06,+3.3749999999943E+00
+2.1412000E-06,+3.3750000000000E+00
+2.1413000E-06,+3.3750000000000E+00
+2.1414000E-06,+3.3730468750029E+00
+2.1415000E-06,+3.3730468750000E+00
+2.1416000E-06,+3.3730468750000E+00
+2.1417000E-06,+3.3730468750000E+00
+2.1418000E-06,+3.3710937500029E+00
+2.1419000E-06,+3.3710937500000E+00
+2.1420000E-06,+3.3710937500000E+00
+2.1421000E-06,+3.3710937500000E+00
+2.1422000E-06,+3.3710937500000E+00
+2.1423000E-06,+3.3710937500000E+00
+2.1424000E-06,+3.3730468749971E+00
+2.1425000E-06,+3.3749999999971E+00
+2.1426000E-06,+3.3769531249971E+00
+2.1427000E-06,+3.3769531250000E+00
+2.1428000E-06,+3.3789062499971E+00
+2.1429000E-06,+3.3750000000058E+00
+2.1430000E-06,+3.3710937500058E+00
+2.1431000E-06,+3.3652343750088E+00
+2.1432000E-06,+3.3535156250175E+00
+2.1433000E-06,+3.3417968750175E+00
+2.1434000E-06,+3.3320312500146E+00
+2.1435000E-06,+3.3242187500117E+00
+2.1436000E-06,+3.3164062500117E+00
+2.1437000E-06,+3.3105468750088E+00
+2.1438000E-06,+3.3085937500029E+00
+2.1439000E-06,+3.3085937500000E+00
+2.1440000E-06,+3.3066406250030E+00
+2.1441000E-06,+3.3046875000030E+00
+2.1442000E-06,+3.2988281250089E+00
+2.1443000E-06,+3.2890625000148E+00
+2.1444000E-06,+3.2773437500178E+00
+2.1445000E-06,+3.2636718750208E+00
+2.1446000E-06,+3.2441406250298E+00
+2.1447000E-06,+3.2246093750298E+00
+2.1448000E-06,+3.2050781250298E+00
+2.1449000E-06,+3.1875000000269E+00
+2.1450000E-06,+3.1699218750269E+00
+2.1451000E-06,+3.1542968750240E+00
+2.1452000E-06,+3.1406250000210E+00
+2.1453000E-06,+3.1289062500180E+00
+2.1454000E-06,+3.1152343750211E+00
+2.1455000E-06,+3.0996093750241E+00
+2.1456000E-06,+3.0839843750241E+00
+2.1457000E-06,+3.0644531250302E+00
+2.1458000E-06,+3.0410156250363E+00
+2.1459000E-06,+3.0175781250363E+00
+2.1460000E-06,+2.9921875000394E+00
+2.1461000E-06,+2.9648437500425E+00
+2.1462000E-06,+2.9375000000425E+00
+2.1463000E-06,+2.9121093750396E+00
+2.1464000E-06,+2.8867187500396E+00
+2.1465000E-06,+2.8613281250397E+00
+2.1466000E-06,+2.8359375000397E+00
+2.1467000E-06,+2.8105468750398E+00
+2.1468000E-06,+2.7871093750368E+00
+2.1469000E-06,+2.7636718750368E+00
+2.1470000E-06,+2.7382812500399E+00
+2.1471000E-06,+2.7128906250400E+00
+2.1472000E-06,+2.6875000000400E+00
+2.1473000E-06,+2.6640625000370E+00
+2.1474000E-06,+2.6406250000370E+00
+2.1475000E-06,+2.6152343750402E+00
+2.1476000E-06,+2.5878906250433E+00
+2.1477000E-06,+2.5585937500465E+00
+2.1478000E-06,+2.5292968750465E+00
+2.1479000E-06,+2.4980468750497E+00
+2.1480000E-06,+2.4628906250560E+00
+2.1481000E-06,+2.4277343750561E+00
+2.1482000E-06,+2.3886718750624E+00
+2.1483000E-06,+2.3535156250562E+00
+2.1484000E-06,+2.3183593750563E+00
+2.1485000E-06,+2.2812500000595E+00
+2.1486000E-06,+2.2460937500564E+00
+2.1487000E-06,+2.2089843750596E+00
+2.1488000E-06,+2.1796875000471E+00
+2.1489000E-06,+2.1484375000503E+00
+2.1490000E-06,+2.1152343750536E+00
+2.1491000E-06,+2.0820312500536E+00
+2.1492000E-06,+2.0468750000569E+00
+2.1493000E-06,+2.0117187500569E+00
+2.1494000E-06,+1.9765625000570E+00
+2.1495000E-06,+1.9394531250602E+00
+2.1496000E-06,+1.8984375000667E+00
+2.1497000E-06,+1.8593750000636E+00
+2.1498000E-06,+1.8222656250605E+00
+2.1499000E-06,+1.7851562500605E+00
+2.1500000E-06,+1.7480468750606E+00
+2.1501000E-06,+1.7109375000607E+00
+2.1502000E-06,+1.6718750000640E+00
+2.1503000E-06,+1.6367187500576E+00
+2.1504000E-06,+1.6015625000577E+00
+2.1505000E-06,+1.5644531250610E+00
+2.1506000E-06,+1.5234375000675E+00
+2.1507000E-06,+1.4824218750676E+00
+2.1508000E-06,+1.4394531250709E+00
+2.1509000E-06,+1.3945312500742E+00
+2.1510000E-06,+1.3476562500775E+00
+2.1511000E-06,+1.2988281250809E+00
+2.1512000E-06,+1.2460937500874E+00
+2.1513000E-06,+1.1972656250811E+00
+2.1514000E-06,+1.1503906250779E+00
+2.1515000E-06,+1.1054687500748E+00
+2.1516000E-06,+1.0605468750748E+00
+2.1517000E-06,+1.0175781250717E+00
+2.1518000E-06,+978.5156250652E-03
+2.1519000E-06,+941.4062500621E-03
+2.1520000E-06,+900.3906250687E-03
+2.1521000E-06,+855.4687500753E-03
+2.1522000E-06,+808.5937500787E-03
+2.1523000E-06,+763.6718750755E-03
+2.1524000E-06,+716.7968750789E-03
+2.1525000E-06,+671.8750000757E-03
+2.1526000E-06,+626.9531250758E-03
+2.1527000E-06,+582.0312500759E-03
+2.1528000E-06,+542.9687500660E-03
+2.1529000E-06,+503.9062500661E-03
+2.1530000E-06,+462.8906250695E-03
+2.1531000E-06,+417.9687500762E-03
+2.1532000E-06,+371.0937500796E-03
+2.1533000E-06,+326.1718750764E-03
+2.1534000E-06,+279.2968750798E-03
+2.1535000E-06,+234.3750000766E-03
+2.1536000E-06,+187.5000000800E-03
+2.1537000E-06,+144.5312500734E-03
+2.1538000E-06,+105.4687500668E-03
+2.1539000E-06,+66.4062500669E-03
+2.1540000E-06,+25.3906250703E-03
+2.1541000E-06,-17.5781249262E-03
+2.1542000E-06,-64.4531249194E-03
+2.1543000E-06,-109.3749999227E-03
+2.1544000E-06,-154.2968749226E-03
+2.1545000E-06,-203.1249999158E-03
+2.1546000E-06,-251.9531249157E-03
+2.1547000E-06,-300.7812499156E-03
+2.1548000E-06,-345.7031249222E-03
+2.1549000E-06,-392.5781249187E-03
+2.1550000E-06,-437.4999999220E-03
+2.1551000E-06,-486.3281249152E-03
+2.1552000E-06,-537.1093749117E-03
+2.1553000E-06,-583.9843749184E-03
+2.1554000E-06,-630.8593749183E-03
+2.1555000E-06,-675.7812499216E-03
+2.1556000E-06,-720.7031249215E-03
+2.1557000E-06,-763.6718749248E-03
+2.1558000E-06,-802.7343749316E-03
+2.1559000E-06,-839.8437499349E-03
+2.1560000E-06,-878.9062499314E-03
+2.1561000E-06,-921.8749999245E-03
+2.1562000E-06,-968.7499999175E-03
+2.1563000E-06,-1.0136718749209E+00
+2.1564000E-06,-1.0624999999139E+00
+2.1565000E-06,-1.1113281249138E+00
+2.1566000E-06,-1.1621093749102E+00
+2.1567000E-06,-1.2128906249101E+00
+2.1568000E-06,-1.2578124999204E+00
+2.1569000E-06,-1.3027343749203E+00
+2.1570000E-06,-1.3437499999271E+00
+2.1571000E-06,-1.3867187499236E+00
+2.1572000E-06,-1.4257812499305E+00
+2.1573000E-06,-1.4628906249339E+00
+2.1574000E-06,-1.4980468749373E+00
+2.1575000E-06,-1.5332031249372E+00
+2.1576000E-06,-1.5683593749371E+00
+2.1577000E-06,-1.6074218749301E+00
+2.1578000E-06,-1.6425781249370E+00
+2.1579000E-06,-1.6796874999334E+00
+2.1580000E-06,-1.7187499999298E+00
+2.1581000E-06,-1.7597656249262E+00
+2.1582000E-06,-1.8046874999191E+00
+2.1583000E-06,-1.8476562499225E+00
+2.1584000E-06,-1.8906249999225E+00
+2.1585000E-06,-1.9316406249259E+00
+2.1586000E-06,-1.9765624999187E+00
+2.1587000E-06,-2.0195312499222E+00
+2.1588000E-06,-2.0585937499292E+00
+2.1589000E-06,-2.0937499999362E+00
+2.1590000E-06,-2.1289062499361E+00
+2.1591000E-06,-2.1640624999360E+00
+2.1592000E-06,-2.1992187499360E+00
+2.1593000E-06,-2.2285156249466E+00
+2.1594000E-06,-2.2578124999465E+00
+2.1595000E-06,-2.2890624999429E+00
+2.1596000E-06,-2.3203124999428E+00
+2.1597000E-06,-2.3515624999428E+00
+2.1598000E-06,-2.3828124999427E+00
+2.1599000E-06,-2.4121093749462E+00
+2.1600000E-06,-2.4433593749426E+00
+2.1601000E-06,-2.4765624999389E+00
+2.1602000E-06,-2.5117187499353E+00
+2.1603000E-06,-2.5410156249460E+00
+2.1604000E-06,-2.5703124999459E+00
+2.1605000E-06,-2.5996093749459E+00
+2.1606000E-06,-2.6289062499458E+00
+2.1607000E-06,-2.6562499999494E+00
+2.1608000E-06,-2.6816406249529E+00
+2.1609000E-06,-2.7070312499529E+00
+2.1610000E-06,-2.7324218749528E+00
+2.1611000E-06,-2.7597656249491E+00
+2.1612000E-06,-2.7910156249418E+00
+2.1613000E-06,-2.8183593749490E+00
+2.1614000E-06,-2.8496093749417E+00
+2.1615000E-06,-2.8808593749416E+00
+2.1616000E-06,-2.9121093749416E+00
+2.1617000E-06,-2.9433593749415E+00
+2.1618000E-06,-2.9687499999524E+00
+2.1619000E-06,-2.9921874999560E+00
+2.1620000E-06,-3.0136718749596E+00
+2.1621000E-06,-3.0351562499596E+00
+2.1622000E-06,-3.0546874999632E+00
+2.1623000E-06,-3.0742187499632E+00
+2.1624000E-06,-3.0937499999632E+00
+2.1625000E-06,-3.1132812499631E+00
+2.1626000E-06,-3.1347656249594E+00
+2.1627000E-06,-3.1601562499519E+00
+2.1628000E-06,-3.1835937499556E+00
+2.1629000E-06,-3.2070312499555E+00
+2.1630000E-06,-3.2285156249592E+00
+2.1631000E-06,-3.2499999999592E+00
+2.1632000E-06,-3.2695312499628E+00
+2.1633000E-06,-3.2832031249740E+00
+2.1634000E-06,-3.2968749999739E+00
+2.1635000E-06,-3.3105468749739E+00
+2.1636000E-06,-3.3242187499739E+00
+2.1637000E-06,-3.3378906249738E+00
+2.1638000E-06,-3.3496093749776E+00
+2.1639000E-06,-3.3574218749850E+00
+2.1640000E-06,-3.3632812499888E+00
+2.1641000E-06,-3.3691406249887E+00
+2.1642000E-06,-3.3710937499962E+00
+2.1643000E-06,-3.3730468749962E+00
+2.1644000E-06,-3.3769531249925E+00
+2.1645000E-06,-3.3808593749925E+00
+2.1646000E-06,-3.3886718749849E+00
+2.1647000E-06,-3.4023437499736E+00
+2.1648000E-06,-3.4179687499698E+00
+2.1649000E-06,-3.4335937499697E+00
+2.1650000E-06,-3.4511718749659E+00
+2.1651000E-06,-3.4648437499735E+00
+2.1652000E-06,-3.4765624999772E+00
+2.1653000E-06,-3.4824218749886E+00
+2.1654000E-06,-3.4824218750000E+00
+2.1655000E-06,-3.4785156250076E+00
+2.1656000E-06,-3.4726562500114E+00
+2.1657000E-06,-3.4667968750115E+00
+2.1658000E-06,-3.4570312500191E+00
+2.1659000E-06,-3.4492187500153E+00
+2.1660000E-06,-3.4433593750115E+00
+2.1661000E-06,-3.4375000000115E+00
+2.1662000E-06,-3.4375000000000E+00
+2.1663000E-06,-3.4355468750038E+00
+2.1664000E-06,-3.4374999999962E+00
+2.1665000E-06,-3.4394531249962E+00
+2.1666000E-06,-3.4414062499962E+00
+2.1667000E-06,-3.4433593749961E+00
+2.1668000E-06,-3.4453124999961E+00
+2.1669000E-06,-3.4453125000000E+00
+2.1670000E-06,-3.4433593750039E+00
+2.1671000E-06,-3.4375000000116E+00
+2.1672000E-06,-3.4296875000155E+00
+2.1673000E-06,-3.4179687500233E+00
+2.1674000E-06,-3.4042968750272E+00
+2.1675000E-06,-3.3925781250233E+00
+2.1676000E-06,-3.3769531250311E+00
+2.1677000E-06,-3.3613281250312E+00
+2.1678000E-06,-3.3496093750234E+00
+2.1679000E-06,-3.3359375000273E+00
+2.1680000E-06,-3.3242187500235E+00
+2.1681000E-06,-3.3144531250196E+00
+2.1682000E-06,-3.3007812500274E+00
+2.1683000E-06,-3.2890625000235E+00
+2.1684000E-06,-3.2773437500236E+00
+2.1685000E-06,-3.2636718750275E+00
+2.1686000E-06,-3.2480468750315E+00
+2.1687000E-06,-3.2304687500354E+00
+2.1688000E-06,-3.2148437500315E+00
+2.1689000E-06,-3.1953125000394E+00
+2.1690000E-06,-3.1757812500395E+00
+2.1691000E-06,-3.1562500000395E+00
+2.1692000E-06,-3.1367187500396E+00
+2.1693000E-06,-3.1171875000396E+00
+2.1694000E-06,-3.0996093750357E+00
+2.1695000E-06,-3.0839843750317E+00
+2.1696000E-06,-3.0644531250397E+00
+2.1697000E-06,-3.0468750000358E+00
+2.1698000E-06,-3.0312500000318E+00
+2.1699000E-06,-3.0117187500398E+00
